store,phone,rx phone
0017,(617) 773-4510,(617) 471-6707
0020,(617) 328-4477,(617) 328-6622
0018,(617) 265-2766,
0035,(781) 749-1143,(781) 749-5856
0478,(781) 356-1730,(781) 356-8596
0487,(781) 337-2782,(781) 331-1902
0459,(617) 427-6752,
0053,(617) 269-7989,
0429,(617) 541-4700,(617) 541-4300
0004,(617) 327-2160,
0413,(617) 333-0273,
0075,(617) 522-4300,(617) 524-2419
0412,(617) 232-3572,
0001,(617) 566-4559,
0416,(781) 329-1050,(781) 320-1574
0033,(781) 341-1797,(781) 341-2640
0482,(781) 383-2101,(781) 383-6614
0028,(781) 982-9876,(781) 982-2946
0055,(508) 427-0537,(508) 427-6582
0089,(617) 779-9116,
0011,(781) 284-0717,(781) 485-0080
0498,(617) 666-1024,(617) 666-1404
0492,(617) 381-1647,
0054,(781) 871-0020,(781) 871-9228
0418,(781) 255-1141,
0433,(781) 391-5869,(781) 396-2940
0043,(781) 286-2200,(781) 289-6879
0062,(781) 397-0006,(781) 397-0050
0446,(617) 969-6410,
2411,(617) 625-1546,
2410,(781) 391-1638,
0444,(781) 447-7817,
0415,(508) 427-5500,(508) 427-1777
0049,(617) 923-3007,
0044,(508) 668-7722,
0776,(781) 646-3625,(781) 643-3267
0407,(781) 233-8228,(781) 231-5775
0067,(781) 596-1882,(781) 596-3277
0014,(781) 826-9802,(781) 826-7329
0455,(781) 721-1028,
2414,(781) 293-1262,
0039,(781) 438-3737,
0015,(781) 596-1445,(781) 596-0224
0494,(508) 543-5791,(508) 543-6174
0491,(781) 861-0457,
0006,(508) 650-4050,(508) 653-3504
0096,(781) 935-0821,(781) 932-8660
0488,(781) 944-2919,
0005,(978) 977-3900,(978) 977-3946
0007,(508) 337-9450,(508) 337-9455
0082,(781) 293-1961,(781) 293-5786
2700,(508) 358-0740,
0003,(508) 820-0900,(508) 820-0903
0088,(781) 271-9400,(781) 271-9403
0081,(978) 232-9359,
0402,(781) 582-3700,(781) 582-3703
0462,(508) 643-2603,
2406,(978) 664-0192,
0093,(978) 762-4444,
0008,(508) 879-4044,
0472,(508) 520-4102,(508) 520-4106
0032,(978) 921-0920,
0038,(508) 824-8800,(508) 824-2845
0432,(508) 226-2400,(508) 226-5888
0460,(978) 897-6449,
0490,(508) 695-1999,(508) 695-6111
0469,(508) 746-1444,(508) 746-7114
0040,(508) 478-8941,(508) 478-5748
0471,(978) 623-9912,
0092,(978) 683-9666,(978) 683-4925
0443,(508) 399-6019,
0489,(978) 562-4111,
0480,(978) 250-4102,
0430,(508) 883-2179,
2404,(508) 399-5624,
0497,(508) 366-3961,(508) 366-0849
0704,(401) 722-3300,(401) 722-3401
0410,(978) 281-0010,
0710,(401) 721-9821,(401) 722-6538
0721,(401) 769-0112,(401) 765-6722
0712,(401) 334-6006,(401) 334-0754
0484,(508) 224-4066,
0019,(508) 366-9190,
0724,(401) 727-3400,(401) 727-3900
0496,(978) 837-6660,(978) 837-6644
2701,(401) 431-0450,(401) 431-0476
0057,(508) 887-9500,
0725,(401) 861-9300,
0073,(508) 336-2550,(508) 336-4453
0091,(508) 842-1911,(508) 842-2771
0421,(508) 679-1373,(508) 324-9693
0722,(401) 453-3899,(401) 453-0288
0705,(401) 949-4800,(401) 949-1848
0474,(508) 291-1110,
0079,(508) 791-8855,(508) 791-2166
0714,(401) 943-7601,(401) 943-8285
0703,(401) 861-7610,(401) 861-3150
2702,(401) 941-6100,
0071,(508) 672-2177,(508) 672-2366
0037,(508) 853-8791,
0070,(508) 998-2000,(508) 998-0999
0707,(401) 944-6300,(401) 944-2669
0085,(508) 852-0505,(508) 852-2202
0723,(401) 254-2525,
0473,(508) 675-0391,(508) 675-0887
0397,(508) 743-9563,(508) 743-9563
0499,(978) 388-7588,(978) 388-9755
0012,(508) 833-1302,(508) 833-3288
0493,(508) 999-7200,(508) 999-7300
0726,(401) 732-4616,(401) 732-4060
0427,(508) 990-4500,(508) 990-4700
2403,(508) 487-4903,(508) 487-3738
0739,(401) 739-1696,
0098,(508) 993-1791,(508) 996-5090
0709,(401) 828-9360,(401) 828-0533
0470,(508) 477-1449,
0716,(401) 884-9400,
0720,(401) 823-1515,(401) 823-4343
0727,(860) 963-2640,(860) 963-2642
0087,(508) 539-1800,(508) 539-1803
0066,(508) 428-1278,
0708,(401) 849-5510,(401) 849-9640
0425,(508) 540-7481,(508) 540-4711
0737,(401) 268-3808,
0697,(860) 779-2070,(860) 774-5301
0406,(508) 771-0709,(508) 790-2182
0731,(401) 845-2220,
0481,(508) 347-9500,
0701,(401) 848-7200,
2422,(508) 394-0431,
0022,(508) 394-1234,(508) 394-8909
0461,(508) 394-4535,
0423,(508) 693-8339,
0064,(508) 255-5288,(508) 255-3851
0718,(401) 783-9614,(401) 783-7768
0729,(401) 539-8800,
0475,(508) 432-5000,(508) 432-5001
0398,(508) 627-5107,(508) 627-5107
0422,(508) 627-9522,
0435,(413) 323-6546,(413) 323-9096
2607,(860) 535-8234,
0674,(860) 456-8768,(860) 456-7240
0615,(860) 887-1611,(860) 887-1615
0736,(401) 596-0169,
0404,(413) 543-1041,(413) 543-5428
0454,(413) 426-9504,
0678,(860) 848-6960,
0095,(413) 253-3227,(413) 256-4167
0061,(413) 525-5747,(413) 525-6929
2614,(860) 871-0498,(860) 870-6255
0036,(413) 593-1111,(413) 593-3999
0080,(413) 732-6920,(413) 732-7040
2413,(508) 825-8833,
0613,(860) 871-0897,(860) 871-1053
0682,(860) 445-4440,(860) 445-8807
2415,(508) 228-2178,
0009,(413) 536-1247,(413) 536-5483
2605,(860) 741-2200,(860) 741-2230
0608,(860) 537-2361,(860) 537-2570
0030,(413) 536-9287,(413) 536-9101
0787,(413) 584-9200,(413) 584-9700
0094,(413) 737-8770,(413) 733-8511
0045,(413) 774-6096,(413) 774-6006
0699,(860) 648-4026,
0689,(860) 645-8050,(860) 647-0325
0667,(860) 444-6772,(860) 442-6698
0782,(413) 789-2224,(413) 789-2226
0665,(860) 691-2146,(860) 739-5957
0619,(860) 688-0860,(860) 688-1744
0693,(860) 569-7050,(860) 569-7135
0072,(413) 562-2300,(413) 568-9660
2611,(860) 267-2039,(860) 267-2771
0605,(860) 652-8925,(860) 652-9208
0631,(860) 659-4553,(860) 659-5844
0651,(860) 242-5954,
0632,(860) 563-1169,(860) 563-4462
0634,(860) 232-8777,(860) 232-8848
0611,(860) 844-8331,(860) 844-8346
0610,(860) 956-0477,(860) 956-3740
2606,(860) 231-8082,
2613,(860) 665-8166,(860) 594-7123
0681,(860) 521-5010,
0688,(860) 388-6354,(860) 388-6461
0606,(860) 635-8300,(860) 635-6303
0623,(860) 346-0160,(860) 346-1779
0630,(860) 667-8380,(860) 667-9292
0614,(860) 828-0276,(860) 828-0772
0607,(860) 651-4787,(860) 651-9843
0645,(860) 348-9856,(860) 348-9830
0686,(860) 404-0341,
0652,(860) 669-2228,(860) 669-6636
0654,(203) 238-1235,(203) 238-1261
0642,(860) 582-3154,(860) 583-9213
0684,(860) 620-9161,(860) 620-9060
0680,(203) 238-1778,
0628,(860) 582-5674,(860) 582-4080
0624,(203) 245-7204,(203) 245-7467
0638,(203) 265-6972,(203) 265-3942
0625,(860) 379-9995,(860) 738-2707
2575,(631) 324-6215,
0695,(203) 272-3628,(203) 272-3697
2604,(860) 482-5125,
0675,(203) 755-9489,(203) 755-9538
0694,(203) 234-1757,(203) 234-7461
0458,(413) 499-0745,(413) 443-0064
0622,(860) 482-4460,(860) 489-2433
0618,(203) 755-8605,(203) 755-5814
0679,(203) 756-4678,(203) 597-1498
0784,(413) 664-8100,(413) 664-8550
0687,(203) 488-1325,(203) 481-3392
0021,(413) 442-7600,(413) 442-8898
0600,(203) 248-9615,(203) 248-9631
0692,(203) 468-7012,(203) 468-1113
0657,(860) 274-7459,(860) 274-7461
0601,(860) 567-0075,
2576,(631) 283-0045,
2633,(203) 503-0105,
0604,(203) 729-4182,(203) 723-6939
0648,(203) 389-8600,(203) 389-8863
0677,(860) 824-7990,
0696,(203) 931-8843,(203) 931-9478
0603,(203) 881-2641,(203) 881-2756
2551,(631) 728-2020,(631) 728-2627
0635,(203) 732-3901,(203) 732-3907
0621,(203) 262-4555,(203) 262-4559
0663,(203) 877-1841,(203) 877-1912
0590,(631) 727-6751,
0647,(203) 876-0467,(203) 876-0654
0629,(203) 929-7516,(203) 929-3887
0639,(203) 375-8787,(203) 375-5717
0685,(203) 268-0589,
0636,(203) 270-0177,(203) 270-0827
0620,(203) 445-1006,(203) 261-3691
0683,(860) 355-3234,(860) 355-3763
0670,(203) 371-6972,(203) 372-6538
0673,(203) 333-8715,
0698,(203) 333-0333,
0554,(631) 642-1211,(631) 642-3232
0659,(203) 798-0555,(203) 798-0735
0650,(203) 254-8478,(203) 254-8538
2612,(203) 312-0482,(203) 312-9818
2505,(631) 281-3610,(631) 281-8924
0579,(631) 736-4772,(631) 736-5168
0644,(203) 797-8901,(203) 797-8476
0653,(203) 254-8484,(203) 254-9461
0574,(631) 751-1526,(631) 751-5612
0583,(631) 345-0250,(631) 345-0255
0562,(631) 732-6757,(631) 451-1821
0553,(631) 585-4585,(631) 585-4469
0656,(203) 438-7317,(203) 438-0340
0658,(203) 834-9735,(203) 834-2204
0517,(845) 227-3163,
0544,(631) 737-1576,(631) 737-1736
0662,(203) 840-1001,(203) 849-8735
0563,(631) 218-8626,(631) 218-8636
0640,(203) 299-1715,(203) 299-1718
0560,(631) 366-0038,
0548,(631) 589-9677,
0594,(631) 348-2556,(631) 348-2558
2610,(203) 662-1227,
0626,(203) 655-8755,
0540,(845) 471-2313,(845) 471-4526
0558,(631) 757-4394,(631) 757-4832
0567,(845) 229-9615,
0561,(631) 859-5090,(631) 859-5120
0526,(631) 462-5555,
0637,(203) 356-0109,(203) 356-0126
0513,(914) 628-5602,(914) 628-8942
0597,(845) 483-9000,(845) 483-9003
0646,(203) 323-1458,(203) 358-9626
0551,(631) 665-5625,
0516,(631) 547-6970,
2596,(914) 241-1494,
2583,(631) 351-8356,(631) 421-0134
0557,(631) 274-0931,(631) 274-0949
2553,(631) 661-8230,(631) 669-4666
0616,(203) 625-0622,
0612,(203) 531-0541,
0511,(516) 692-8292,(516) 692-8447
0543,(631) 587-9452,(631) 587-9455
0564,(631) 321-9046,(631) 321-9055
0502,(914) 937-7318,(914) 937-7452
0569,(516) 922-0800,
0521,(914) 739-3356,
0545,(631) 756-5130,(631) 756-5134
0593,(914) 682-3279,(914) 682-0743
0501,(914) 997-0715,(914) 997-1530
0542,(516) 759-1440,
0528,(845) 566-4214,(845) 566-4266
0550,(631) 691-0304,(631) 691-0342
2502,(914) 923-6550,
0591,(914) 834-9560,
0555,(516) 796-0300,
0559,(516) 937-7060,(516) 937-7172
2578,(516) 809-8636,(516) 797-8365
0599,(914) 631-8566,
2584,(516) 484-1391,(516) 484-1414
0552,(516) 796-5547,
2588,(516) 826-4090,(516) 826-6767
2503,(845) 947-2153,
0547,(516) 826-0880,(516) 826-0057
0529,(914) 632-7084,(914) 632-7148
0546,(516) 767-6910,(516) 767-6914
0532,(914) 337-6670,
0500,(914) 637-2510,
0541,(516) 739-1535,(516) 739-1978
0530,(914) 693-9274,
2555,(516) 867-9892,
0596,(845) 634-2687,
0533,(845) 354-9673,(845) 354-8980
0524,(845) 496-8656,
0556,(516) 539-1994,(516) 539-2031
0592,(914) 663-8752,
0522,(914) 378-9312,(914) 378-9314
2545,(845) 359-0673,
0504,(718) 862-2809,(718) 862-2883
2552,(516) 539-7860,
0570,(516) 616-9170,
2592,(718) 320-2902,(718) 320-2904
0527,(845) 624-1514,(845) 624-0659
0537,(718) 423-5601,
2577,(516) 867-7301,
2590,(516) 352-5332,(516) 352-4667
0523,(845) 774-8448,(845) 774-8118
2580,(718) 279-3188,
2594,(718) 823-6068,(718) 823-6215
2565,(516) 594-1019,
2819,(201) 784-7180,(201) 784-7190
0577,(516) 678-0720,
0503,(718) 548-3344,
2593,(718) 860-3139,(718) 860-3363
0835,(201) 894-5111,
2587,(718) 886-4488,(718) 886-6262
2585,(718) 525-0600,(718) 525-2422
0828,(201) 385-3652,(201) 385-6262
0812,(201) 262-1834,
2582,(516) 432-9077,(516) 889-6704
0578,(516) 239-6617,
0878,(201) 652-9830,(201) 445-4540
0851,(201) 287-9400,
0539,(718) 846-2310,
0838,(201) 652-4055,
0509,(718) 803-0863,(718) 803-3025
2589,(718) 835-7900,(718) 835-7903
0510,(718) 728-7724,
0820,(201) 444-6222,(201) 444-2800
2581,(718) 738-6875,(718) 641-9853
0508,(718) 381-5136,
0825,(201) 848-1046,
0817,(201) 342-6030,(201) 342-0847
0566,(718) 318-6281,(718) 318-6285
0829,(201) 891-9300,(201) 891-8706
0885,(973) 962-0043,
0831,(201) 842-9993,(201) 842-9985
2586,(718) 399-6161,(718) 399-6239
0506,(718) 469-1300,
0843,(201) 653-6508,
0888,(973) 305-1333,(973) 305-5860
0819,(201) 438-1747,(201) 438-7835
0813,(973) 779-6697,(973) 779-7831
2802,(973) 365-8040,(973) 778-2800
0860,(973) 616-1181,(973) 616-1700
0505,(718) 648-0202,(718) 648-6971
2815,(973) 839-5510,(973) 839-5514
2591,(718) 266-2705,(718) 266-2845
0800,(973) 743-6413,(973) 743-9218
2579,(718) 474-6366,
2818,(973) 838-8210,(973) 838-6699
0853,(201) 823-9292,(201) 823-8411
2807,(973) 227-0319,
2595,(718) 981-1900,(718) 448-6758
0822,(908) 436-1344,(908) 820-9301
2817,(973) 762-6608,(973) 762-5044
2512,(718) 698-1138,
0581,(718) 980-0892,(718) 980-2059
0852,(908) 729-9030,(908) 729-9082
0512,(718) 761-4856,
2513,(718) 608-8950,
0893,(973) 683-0100,(973) 683-9095
2805,(973) 593-8484,(973) 593-0539
0823,(973) 729-9746,(973) 729-9161
0857,(908) 232-1292,
0887,(732) 957-0088,(732) 957-9355
2813,(732) 229-9411,
0834,(908) 464-8997,
0859,(908) 769-6173,
0801,(732) 203-2233,(732) 335-4281
0804,(908) 754-6691,
0807,(732) 290-7544,(732) 583-9500
0803,(732) 906-5600,
2814,(732) 776-9564,
0897,(732) 968-5100,(732) 968-4610
0877,(908) 221-9400,
0867,(732) 572-4155,
2809,(732) 967-9410,(732) 967-8680
0809,(732) 828-0139,(732) 828-0369
2810,(732) 899-8485,
2800,(732) 214-1127,(732) 214-1779
0830,(732) 892-0808,
2812,(732) 308-1666,
0864,(908) 685-1204,
0815,(732) 901-9200,(732) 901-8882
0802,(732) 422-4420,(732) 422-4425
0810,(609) 655-8900,(609) 409-0136
0818,(732) 329-0398,(732) 329-2935
0840,(732) 255-9879,(732) 255-2660
0873,(732) 905-3300,(732) 905-3050
0808,(732) 942-9860,(732) 905-8180
0811,(732) 341-1327,(732) 341-3620
0866,(908) 782-8700,(908) 782-2977
0855,(732) 716-1580,(732) 716-1787
0850,(609) 737-9327,(609) 737-9185
0816,(908) 859-8220,(908) 859-8331
